{
    "timestamp": "20241103_232434",
    "device": "mps",
    "results": {
        "model1": {
            "psnr": {
                "mean": 28.72635974403766,
                "std": 2.7313920566513845,
                "min": 25.01157486210439,
                "max": 36.09077206136473
            },
            "ssim": {
                "mean": 0.8593570590019226,
                "std": 0.06447567790746689,
                "min": 0.5956873297691345,
                "max": 0.9381537437438965
            },
            "mse": {
                "mean": 0.0015698831994086504,
                "std": 0.0007559063378721476,
                "min": 0.00024599299649707973,
                "max": 0.003153860569000244
            },
            "mae": {
                "mean": 0.02472148835659027,
                "std": 0.006954260636121035,
                "min": 0.010834827087819576,
                "max": 0.04065222665667534
            }
        },
        "model2": {
            "psnr": {
                "mean": 26.983722340657295,
                "std": 3.2380646310686814,
                "min": 20.665144584498847,
                "max": 36.94246763123453
            },
            "ssim": {
                "mean": 0.8743447065353394,
                "std": 0.04801236465573311,
                "min": 0.7231156229972839,
                "max": 0.9375317692756653
            },
            "mse": {
                "mean": 0.0025713148061186075,
                "std": 0.0019625606946647167,
                "min": 0.00020218703139107674,
                "max": 0.008579966612160206
            },
            "mae": {
                "mean": 0.032538529485464096,
                "std": 0.01131462398916483,
                "min": 0.011152270250022411,
                "max": 0.05836193636059761
            }
        }
    }
}